id,split,claude-opus-4-6,ft:gpt-4.1-2025-04-14:luca-tramonti:report-extractor:DOcFh6T3,ft:gpt-4.1-nano-2025-04-14:luca-tramonti:report-extractor:DNDCPvfn,ft:gpt-4.1-nano-2025-04-14:luca-tramonti:report-extractor:DNTiYe0j,gpt-4.1-2025-04-14,gpt-4.1-mini-2025-04-14,gpt-4.1-nano-2025-04-14,gpt-4.1-nano-2025-04-14_MMR,gpt-4.1-nano-2025-04-14_few-shots,gpt-5.4-2026-03-05,iltramont/llama-1b-report-extractor,iltramont/llama-3b-report-extractor,mistral-large-2512
51,validation,0.9739583333333334,0.8697916666666666,0.7378472222222222,0.8072916666666667,0.8697916666666666,0.8177083333333334,0.625,0.703125,0.703125,0.8177083333333334,0.5334821428571428,0.6510416666666667,0.921875
57,validation,0.826388888888889,0.8177083333333334,0.6614583333333334,0.8177083333333334,0.8784722222222223,0.8524305555555556,0.7291666666666667,0.6770833333333334,0.6857638888888888,0.9305555555555556,0.44270833333333337,0.6163194444444445,0.9131944444444444
61,validation,0.8463541666666667,0.8116319444444444,0.8116319444444444,0.8116319444444444,0.681423611111111,0.7335069444444444,0.7727029914529915,0.6511752136752137,0.6511752136752137,0.6875,0.45795011148272025,0.6597222222222222,0.681423611111111
66,validation,0.9761284722222223,0.982638888888889,0.9479166666666666,0.9114583333333334,0.9136284722222221,0.9305555555555556,0.703125,0.6770833333333334,0.625,0.8958333333333334,0.5208333333333334,0.6770833333333334,0.8784722222222223
73,validation,0.993923611111111,0.9968750000000001,0.9895833333333334,0.9895833333333334,0.9943181818181818,0.9153645833333334,0.8333333333333334,0.8333333333333334,0.8333333333333334,1.0,0.7201107357357358,0.9305555555555556,0.9968750000000001
75,validation,0.9479166666666666,0.9401041666666667,0.8628472222222222,0.8359375000000001,0.8359375000000001,0.7838541666666667,0.6510416666666667,0.6510416666666667,0.703125,0.9479166666666666,0.7193838183421517,0.8072916666666667,0.8923611111111112
77,validation,0.765625,0.9479166666666666,0.6875,0.8177083333333334,0.765625,0.765625,0.6510416666666667,0.625,0.5729166666666667,1.0,0.6490384615384616,0.7048611111111112,0.84375
79,validation,0.993923611111111,0.993923611111111,0.9895833333333334,0.9895833333333334,0.9682765151515151,0.916087962962963,0.7552083333333334,0.8246527777777778,0.8333333333333334,1.0,0.6749718468468469,0.8203493672243672,0.9968750000000001
85,validation,0.8177083333333334,0.8958333333333334,0.765625,0.8177083333333334,0.765625,0.765625,0.78125,0.7552083333333334,0.7552083333333334,0.8177083333333334,0.859375,0.8854166666666667,0.765625
98,validation,0.7279265873015873,0.661892361111111,0.6484375,0.6440972222222223,0.661892361111111,0.6770833333333334,0.5052083333333334,0.6354166666666666,0.6302083333333335,0.661892361111111,0.36755952380952384,0.36458333333333337,0.7899305555555556
104,validation,0.9479166666666666,0.9479166666666666,0.9479166666666666,0.9479166666666666,0.9479166666666666,0.8958333333333334,0.8072916666666667,0.8177083333333334,0.8177083333333334,0.9479166666666666,0.5833333333333334,0.828125,0.921875
110,validation,0.8958333333333334,0.8958333333333334,0.84375,0.8958333333333334,0.78125,0.703125,0.7135416666666666,0.765625,0.765625,0.8854166666666667,0.9479166666666666,0.8958333333333334,0.703125
116,validation,0.9726562500000001,0.8935185185185185,0.8224826388888888,0.8940972222222221,0.8072916666666667,0.7524801587301587,0.5989583333333334,0.6684027777777778,0.6684027777777778,0.8424479166666667,0.48611111111111105,0.6857638888888888,0.8668154761904762
119,validation,0.921875,0.9739583333333334,0.8958333333333334,0.8958333333333334,0.9739583333333334,0.9739583333333334,0.8072916666666667,0.810763888888889,0.810763888888889,0.8958333333333334,0.748263888888889,0.859375,0.921875
125,validation,0.765625,0.7938368055555556,0.8177083333333334,0.8003472222222223,0.8198784722222223,0.8098958333333334,0.6597222222222222,0.6076388888888888,0.6336805555555556,0.6961805555555556,0.4866898148148149,0.625,0.8706597222222222
132,validation,0.8372395833333334,0.7786458333333334,0.7743055555555556,0.78125,0.7443576388888888,0.7330729166666666,0.8736979166666666,0.7378472222222222,0.6770833333333334,0.8307291666666666,0.6510416666666667,0.6510416666666667,0.7612847222222223
135,validation,0.9479166666666666,0.9479166666666666,0.7864583333333334,0.8723958333333334,0.9375,0.8333333333333334,0.7378472222222222,0.7725694444444444,0.7552083333333334,0.8111979166666666,0.46875,0.6336805555555556,0.84375
138,validation,0.8897569444444444,0.9418402777777778,0.9375,0.9375,0.9418402777777778,0.9447916666666667,0.78125,0.8854166666666667,0.8333333333333334,0.9479166666666666,0.7844065656565656,0.8767361111111113,0.9447916666666667
141,validation,0.9453125,0.8854166666666667,0.8906250000000001,0.8333333333333334,0.7578125000000001,0.8374999999999999,0.7291666666666667,0.7291666666666667,0.7291666666666667,0.8932291666666666,0.8098958333333334,0.8333333333333334,0.8880208333333334
142,validation,0.9166666666666667,0.8385416666666667,0.703125,0.7552083333333334,0.8666666666666667,0.8385416666666667,0.4947916666666667,0.4947916666666667,0.546875,0.8177083333333334,0.37937973484848486,0.5989583333333334,0.8697916666666666
157,validation,0.9398148148148149,0.8877314814814815,0.75,0.798611111111111,0.7575231481481481,0.8055555555555556,0.5794270833333334,0.5859375,0.6380208333333334,0.8098958333333334,0.5894886363636364,0.5989583333333334,0.803125
165,validation,0.7552083333333334,1.0,0.8854166666666667,0.9479166666666666,0.6614583333333334,0.765625,0.765625,0.765625,0.765625,0.9479166666666666,0.9404761904761905,0.9479166666666666,0.703125
166,validation,0.8958333333333334,0.9739583333333334,0.7447916666666667,0.7526041666666666,0.8958333333333334,0.8333333333333334,0.7187500000000001,0.7708333333333334,0.7187500000000001,0.9114583333333334,0.49869791666666663,0.8524305555555556,0.6770833333333334
170,validation,0.982638888888889,0.921875,0.7395833333333334,0.7378472222222222,0.904513888888889,0.8524305555555556,0.7673611111111112,0.7309027777777778,0.7291666666666667,0.8177083333333334,0.48177083333333337,0.703125,0.9305555555555556
174,validation,0.8177083333333334,0.8177083333333334,0.78125,0.78125,0.7135416666666666,0.8072916666666667,0.7552083333333334,0.7552083333333334,0.7552083333333334,0.8177083333333334,0.625,0.8645833333333335,0.765625
177,validation,0.9244791666666667,0.8723958333333334,0.8854166666666667,0.8177083333333334,0.84375,0.8072916666666667,0.5989583333333334,0.6927083333333334,0.7447916666666667,0.8333333333333334,0.6046401515151516,0.5833333333333334,0.8333333333333334
179,validation,0.8491625816993464,0.9116625816993464,0.826593137254902,0.8005514705882354,0.8491625816993464,0.7710375816993464,0.5989583333333334,0.5859375,0.5859375,0.8074959150326798,0.5713848039215687,0.7710375816993464,0.826593137254902
184,validation,0.9079861111111112,0.9131944444444444,0.8038194444444445,0.7517361111111112,0.9027777777777778,0.8559027777777778,0.6267361111111112,0.5572916666666666,0.609375,0.861111111111111,0.5225694444444444,0.6371527777777779,0.8559027777777778
188,validation,0.876736111111111,0.9288194444444444,0.8854166666666667,0.9461805555555555,0.8871527777777777,0.7569444444444444,0.6267361111111112,0.6961805555555556,0.6440972222222223,0.8246527777777778,0.47756410256410253,0.6006944444444444,0.9114583333333334
192,validation,0.9419642857142857,0.9401041666666667,0.9434523809523809,0.9434523809523809,0.9955357142857143,0.8628472222222222,0.703125,0.78125,0.78125,0.9461805555555557,0.6770833333333334,0.8246527777777778,0.9955357142857143
193,validation,0.9479166666666666,0.982638888888889,0.9479166666666666,0.9652777777777777,0.9722222222222221,0.7899305555555556,0.5729166666666667,0.625,0.6770833333333334,0.982638888888889,0.6435502283105023,0.8034336419753086,0.982638888888889
195,validation,0.921875,0.921875,0.9114583333333334,0.859375,0.9739583333333334,0.921875,0.625,0.5729166666666667,0.5989583333333334,0.8697916666666666,0.4644097222222223,0.6510416666666667,0.921875
198,validation,0.9114583333333334,0.9166666666666667,0.8906250000000001,0.8906250000000001,0.95703125,0.7799479166666666,0.661892361111111,0.6944444444444444,0.6944444444444444,0.859375,0.6593276515151516,0.78125,0.9166666666666667
202,validation,0.9384469696969696,0.9895833333333334,0.9895833333333334,0.9635416666666667,0.9895833333333334,0.9895833333333334,0.5,0.625,0.625,1.0,0.8714657738095238,0.9895833333333334,0.9970238095238095
204,validation,0.8125,0.8125,0.8125,0.8125,0.6822916666666666,0.6041666666666666,0.5208333333333334,0.5729166666666667,0.546875,0.765625,0.6560019841269842,0.6770833333333334,0.7864583333333334
209,validation,0.9427083333333335,0.9427083333333335,0.8723958333333334,0.7942708333333334,0.8731770833333334,0.91796875,0.6575520833333334,0.6575520833333334,0.7096354166666667,0.8958333333333334,0.625,0.859375,0.8425925925925926
210,validation,0.8506944444444444,0.9027777777777778,0.8311631944444444,0.8246527777777778,0.9418402777777778,0.9418402777777778,0.6028645833333334,0.7981770833333334,0.7634548611111112,0.9722222222222221,0.640076754385965,0.7187500000000001,0.9895833333333334
214,validation,0.8697916666666666,0.8072916666666667,0.8083333333333333,0.8604166666666667,0.8686342592592593,0.834280303030303,0.5381944444444444,0.6944444444444444,0.703125,0.8697916666666666,0.625,0.703125,0.8406250000000001
215,validation,0.9916666666666667,0.9437500000000001,0.9375,0.8854166666666667,0.9895833333333334,0.8333333333333334,0.7291666666666667,0.78125,0.8333333333333334,1.0,0.8333333333333334,0.8854166666666667,0.9895833333333334
217,validation,0.921875,0.921875,0.9700520833333334,0.9635416666666667,0.8958333333333334,0.9479166666666666,0.6553819444444444,0.6380208333333334,0.6380208333333334,0.8697916666666666,0.6005527210884354,0.7291666666666667,1.0
218,validation,0.8958333333333334,0.9153645833333334,0.9479166666666666,0.896267361111111,0.9375,0.9409722222222222,0.8072916666666667,0.8333333333333334,0.859375,0.9479166666666666,0.6901041666666667,0.8854166666666667,0.9479166666666666
219,validation,1.0,0.9479166666666666,0.84375,0.8177083333333334,0.8854166666666667,0.8072916666666667,0.5034722222222222,0.5208333333333334,0.5143229166666667,0.7916666666666666,0.44209558823529416,0.625,0.8958333333333334
220,validation,0.840950963718821,0.8869579081632655,0.8583120748299321,0.8382227891156463,0.9114370748299321,0.967687074829932,0.6119791666666667,0.7541454081632654,0.7541454081632654,0.8687287414965987,0.5197704081632654,0.7628259637188208,0.786139455782313
224,validation,1.0,0.8958333333333334,0.8958333333333334,1.0,0.8958333333333334,0.8958333333333334,0.8177083333333334,0.6927083333333334,0.7447916666666667,0.8958333333333334,0.6614583333333334,0.8697916666666666,0.8854166666666667
225,validation,0.8697916666666666,0.7916666666666666,0.8697916666666666,0.8854166666666667,0.7552083333333334,0.7552083333333334,0.7552083333333334,0.7552083333333334,0.78125,0.8177083333333334,0.5449810606060607,0.5989583333333334,0.765625
228,validation,0.8333333333333334,0.8958333333333334,0.8958333333333334,0.859375,0.7552083333333334,0.703125,0.5989583333333334,0.7552083333333334,0.7552083333333334,0.8958333333333334,0.8622685185185186,0.8854166666666667,0.7135416666666666
229,validation,0.9479166666666666,1.0,0.9895833333333334,1.0,0.9895833333333334,0.9375,0.8072916666666667,0.8072916666666667,0.8072916666666667,1.0,0.6375385802469136,0.8333333333333334,0.9930555555555556
231,validation,0.9644886363636362,0.9635416666666667,0.967013888888889,0.9149305555555556,0.8697916666666666,0.888888888888889,0.78125,0.6510416666666667,0.703125,0.921875,0.5989583333333334,0.8854166666666667,0.8697916666666666
236,validation,0.8984375,0.9088541666666666,0.828125,0.7942708333333334,0.8463541666666667,0.8854166666666667,0.7161458333333334,0.6901041666666667,0.7161458333333334,0.8046875,0.5828373015873016,0.6901041666666667,0.8046875
238,validation,0.9175347222222223,0.8871527777777777,0.8046875,0.8506944444444444,0.9071180555555557,0.8680555555555557,0.5729166666666667,0.703125,0.703125,0.865451388888889,0.4166666666666667,0.4991319444444444,0.861111111111111
240,validation,0.9434523809523809,0.9955357142857143,0.9694940476190477,0.9375,0.9434523809523809,0.9895833333333334,0.6901041666666667,0.6966145833333334,0.7309895833333334,0.921875,0.5976562500000001,0.859375,0.9434523809523809
243,validation,0.9895833333333334,0.9479166666666666,0.8958333333333334,0.9375,0.8177083333333334,0.8177083333333334,0.7916666666666666,0.7395833333333334,0.8177083333333334,1.0,0.84375,0.84375,0.8072916666666667
249,validation,0.9674479166666666,0.9385416666666667,0.9109002976190477,0.9934895833333334,0.9375,0.9416666666666667,0.625,0.6857638888888888,0.6857638888888888,0.9739583333333334,0.6770833333333334,0.859375,0.9955357142857143
260,validation,0.9131944444444445,0.8741319444444445,0.6527777777777778,0.7395833333333334,0.7916666666666666,0.6510416666666667,0.6770833333333334,0.6684027777777778,0.6163194444444445,0.8177083333333334,0.5208333333333334,0.5381944444444445,0.8940972222222223
270,validation,1.0,1.0,1.0,1.0,1.0,0.9930555555555556,0.8506944444444444,0.8854166666666667,0.9114583333333334,1.0,0.625,0.7204861111111112,0.9965277777777778
273,validation,0.9479166666666666,1.0,0.9895833333333334,0.9895833333333334,1.0,0.9427083333333335,0.859375,0.8072916666666667,0.8072916666666667,0.9739583333333334,0.6822916666666666,0.9027777777777779,0.9427083333333335
282,validation,1.0,0.9479166666666666,0.9479166666666666,0.859375,0.9375,0.8958333333333334,0.703125,0.7291666666666667,0.7291666666666667,0.7916666666666666,0.6510416666666667,0.6510416666666667,0.8958333333333334
284,validation,0.8177083333333334,0.765625,0.7135416666666666,0.8177083333333334,0.8177083333333334,0.7135416666666666,0.44270833333333337,0.5208333333333334,0.5729166666666667,0.8177083333333334,0.6614583333333334,0.6614583333333334,0.921875
291,validation,0.9895833333333334,0.9895833333333334,0.9765625,0.9348958333333334,1.0,0.8958333333333334,0.7786458333333334,0.7786458333333334,0.7265625,0.9895833333333334,0.7135416666666666,0.84375,0.9895833333333334
295,validation,0.8958333333333334,0.8854166666666667,1.0,1.0,0.8854166666666667,0.8958333333333334,0.9479166666666666,0.9479166666666666,0.9479166666666666,0.8958333333333334,0.7340029761904763,0.9739583333333334,0.8854166666666667
313,validation,0.7552083333333334,0.765625,0.8072916666666667,0.78125,0.7786458333333334,0.7552083333333334,0.564236111111111,0.5121527777777778,0.5121527777777778,0.8046875,0.390625,0.5989583333333334,0.8697916666666666
352,validation,0.9166666666666667,0.8645833333333335,0.8420138888888888,0.7291666666666667,0.8139204545454546,0.8993055555555556,0.5555555555555556,0.6510416666666667,0.6163194444444444,0.8003472222222223,0.45822811447811446,0.5989583333333334,0.8472222222222222
399,validation,0.9283854166666666,0.9088541666666666,0.921875,0.9375,0.8307291666666666,0.8828125,0.748263888888889,0.8567708333333334,0.7352430555555556,0.82421875,0.4270833333333333,0.5833333333333334,0.8723958333333334
52,train,0.8697916666666666,,,0.9739583333333334,0.8928571428571429,0.7611607142857143,0.5989583333333334,,,0.921875,,,0.8697916666666666
55,train,0.6875,,,0.84375,0.6354166666666666,0.7395833333333334,0.5381944444444444,,,0.7395833333333334,,,0.7395833333333334
59,train,0.7291666666666667,,,0.8854166666666667,0.828125,0.8125,0.7725694444444444,,,0.7916666666666666,,,0.7829861111111112
64,train,0.921875,,,0.84375,0.8177083333333334,0.8177083333333334,0.765625,,,0.8697916666666666,,,0.8177083333333334
72,train,0.6875,,,0.84375,0.7291666666666667,0.8333333333333334,0.6510416666666667,,,0.8177083333333334,,,0.7395833333333334
81,train,0.7309027777777778,,,1.0,0.8203125,0.6171875,0.7161458333333334,,,0.6788194444444444,,,0.8272569444444444
83,train,0.865451388888889,,,0.8697916666666666,0.765625,0.84375,0.5078125,,,0.8307291666666666,,,0.8177083333333334
90,train,0.8697916666666666,,,0.9479166666666666,0.9114583333333334,0.9739583333333334,0.84375,,,0.9739583333333334,,,0.9114583333333334
92,train,0.8515625000000001,,,0.9253472222222222,0.8211805555555556,0.7135416666666666,0.8211805555555556,,,0.7690972222222222,,,0.826388888888889
95,train,0.9375,,,0.8368055555555556,0.9895833333333334,0.7447916666666667,0.703125,,,0.9479166666666666,,,0.9409722222222222
99,train,0.921875,,,0.9479166666666666,0.859375,0.7725694444444444,0.5963541666666666,,,0.8177083333333334,,,0.859375
103,train,0.9955357142857143,,,0.9694940476190477,0.9635416666666667,0.8072916666666667,0.6684027777777778,,,0.998263888888889,,,0.9694940476190477
105,train,0.732638888888889,,,0.7552083333333334,0.9149305555555556,0.7854166666666667,0.6684027777777778,,,0.8177083333333334,,,0.9156249999999999
107,train,0.5729166666666667,,,0.9479166666666666,0.765625,0.6354166666666666,0.6354166666666666,,,0.8958333333333334,,,0.8333333333333334
112,train,0.9739583333333334,,,0.859375,0.921875,0.8697916666666666,0.564236111111111,,,0.921875,,,0.921875
117,train,0.8958333333333334,,,0.8854166666666667,0.7747395833333334,0.8723958333333334,0.80078125,,,0.8958333333333334,,,0.826388888888889
121,train,0.9479166666666666,,,0.8958333333333334,0.765625,0.765625,0.7407407407407407,,,0.9479166666666666,,,0.765625
122,train,0.9384469696969696,,,0.9895833333333334,0.9434523809523809,0.9409722222222222,0.9114583333333334,,,1.0,,,0.9479166666666666
128,train,0.9166666666666667,,,0.9432870370370371,0.8515625000000001,0.78125,0.6684027777777778,,,0.8385416666666667,,,0.7621527777777778
136,train,0.9739583333333334,,,1.0,0.8854166666666667,0.8177083333333334,0.703125,,,0.9908854166666666,,,0.7916666666666666
137,train,0.9565972222222223,,,0.9739583333333334,0.9722222222222221,0.861111111111111,0.748263888888889,,,0.84375,,,0.9027777777777779
144,train,0.84375,,,0.8958333333333334,0.765625,0.6354166666666666,0.6614583333333334,,,0.7916666666666666,,,0.6510416666666667
156,train,0.9739583333333334,,,0.859375,0.859375,0.7552083333333334,0.6510416666666667,,,0.9739583333333334,,,0.7395833333333334
162,train,0.9895833333333334,,,0.9479166666666666,1.0,0.8697916666666666,0.8003472222222223,,,0.9479166666666666,,,0.8680555555555555
168,train,0.9427083333333335,,,0.9361979166666667,0.8615451388888888,0.8985558712121211,0.83984375,,,0.921875,,,0.7864583333333334
169,train,0.8958333333333334,,,0.9479166666666666,1.0,0.9409722222222222,0.7378472222222222,,,0.8958333333333334,,,1.0
173,train,0.84375,,,0.9479166666666666,0.78125,0.8958333333333334,0.7309027777777778,,,0.7916666666666666,,,0.78125
176,train,0.9739583333333334,,,0.9479166666666666,0.8072916666666667,0.7291666666666667,0.7916666666666666,,,0.8072916666666667,,,0.859375
180,train,0.9427083333333335,,,0.9201388888888888,0.9201388888888888,0.9136284722222221,0.798611111111111,,,0.921875,,,0.8993055555555556
181,train,0.943576388888889,,,0.8914930555555556,0.8133680555555556,0.84375,0.625,,,0.765625,,,0.8914930555555556
183,train,0.8502604166666666,,,0.748263888888889,0.7916666666666666,0.8784722222222223,0.7135416666666666,,,0.8567708333333334,,,0.8567708333333334
186,train,0.9479166666666666,,,0.9635416666666667,0.8958333333333334,0.8958333333333334,0.5902777777777778,,,0.8958333333333334,,,0.9479166666666666
189,train,1.0,,,1.0,0.9895833333333334,0.9930555555555556,0.703125,,,1.0,,,1.0
190,train,1.0,,,1.0,0.9895833333333334,0.9930555555555556,0.798611111111111,,,1.0,,,1.0
194,train,0.9635416666666667,,,0.9114583333333334,0.9635416666666667,0.9635416666666667,0.6484375,,,0.859375,,,0.9114583333333334
197,train,0.8836805555555557,,,0.8871527777777779,0.943576388888889,0.8142361111111112,0.568576388888889,,,0.8394097222222223,,,0.8784722222222223
199,train,0.9479166666666666,,,0.8958333333333334,0.8958333333333334,0.8958333333333334,0.7743055555555556,,,0.8958333333333334,,,0.8854166666666667
201,train,0.9869791666666666,,,0.921875,0.9479166666666666,0.8958333333333334,0.7395833333333334,,,1.0,,,0.9244791666666667
203,train,0.8802083333333333,,,0.9427083333333335,0.984375,0.8628472222222222,0.6979166666666667,,,0.8958333333333334,,,0.8732638888888888
206,train,0.9895833333333334,,,0.8958333333333334,0.84375,0.7552083333333334,0.6354166666666666,,,0.8854166666666667,,,0.8333333333333334
207,train,0.861111111111111,,,0.8177083333333334,0.765625,0.8697916666666666,0.6809895833333334,,,0.861111111111111,,,0.84375
208,train,0.7552083333333334,,,0.84375,0.859375,0.84375,0.5442708333333334,,,0.802951388888889,,,0.881076388888889
211,train,0.9479166666666666,,,0.8072916666666667,0.8177083333333334,0.8697916666666666,0.703125,,,0.84375,,,0.8177083333333334
212,train,0.9479166666666666,,,0.9955357142857143,1.0,0.9177083333333335,0.78125,,,1.0,,,0.9739583333333334
216,train,0.841579861111111,,,0.9457465277777777,0.82421875,0.8589409722222223,0.7309027777777778,,,0.8763020833333334,,,0.6315104166666667
221,train,0.8072916666666667,,,0.9375,0.8177083333333334,0.6848958333333334,0.5989583333333334,,,0.9479166666666666,,,0.7916666666666666
222,train,0.5522660818713451,,,0.84375,0.609375,0.6820175438596492,0.5486111111111112,,,0.5865314327485381,,,0.6180555555555556
223,train,0.9479166666666666,,,0.9479166666666666,0.9479166666666666,0.9375,0.8567708333333334,,,0.9479166666666666,,,0.8854166666666667
226,train,0.7829861111111112,,,0.9739583333333334,0.7543402777777779,0.8090277777777778,0.8194444444444445,,,0.7803819444444445,,,0.6996527777777778
227,train,0.7291666666666667,,,0.84375,0.765625,0.6614583333333334,0.6354166666666666,,,0.8697916666666666,,,0.7291666666666667
230,train,0.9434523809523809,,,0.8854166666666667,0.8663194444444444,0.9174107142857143,0.78125,,,1.0,,,0.8958333333333334
232,train,0.8877314814814815,,,0.9955357142857143,0.859375,0.8072916666666667,0.78125,,,0.9479166666666666,,,0.8132440476190477
233,train,0.6843750000000001,,,0.9895833333333334,0.8177083333333334,0.6603009259259259,0.46875,,,0.765625,,,0.8116319444444444
234,train,0.9305555555555556,,,0.8203125,0.9305555555555556,0.8697916666666666,0.5555555555555557,,,0.939236111111111,,,0.8871527777777777
235,train,0.9913194444444444,,,0.9869791666666666,0.982638888888889,0.9305555555555556,0.7508680555555557,,,0.9262152777777777,,,0.904513888888889
237,train,0.625,,,0.7916666666666666,0.7646604938271605,0.7135416666666666,0.6267361111111112,,,0.609375,,,0.7135416666666666
239,train,0.9739583333333334,,,0.8697916666666666,0.921875,0.8784722222222223,0.8003472222222223,,,0.9114583333333334,,,0.8072916666666667
241,train,0.9739583333333334,,,0.9479166666666666,0.859375,0.8072916666666667,0.7395833333333334,,,0.921875,,,0.859375
242,train,0.9934895833333334,,,0.9895833333333334,0.9375,0.8854166666666667,0.8333333333333334,,,0.998263888888889,,,0.9895833333333334
244,train,1.0,,,0.9375,0.8958333333333334,0.84375,0.564236111111111,,,0.84375,,,0.8784722222222223
245,train,0.9114583333333334,,,0.8958333333333334,0.921875,0.9114583333333334,0.7916666666666666,,,0.9895833333333334,,,0.9375
246,train,0.9739583333333334,,,0.9479166666666666,0.8177083333333334,0.8385416666666667,0.703125,,,0.921875,,,0.8697916666666666
247,train,0.8116319444444444,,,0.9375,0.9071180555555555,0.9038194444444444,0.740017361111111,,,0.9479166666666666,,,0.8666666666666667
248,train,0.8958333333333334,,,0.9479166666666666,0.84375,0.8958333333333334,0.8739583333333334,,,0.8958333333333334,,,0.9479166666666666
250,train,0.9652777777777777,,,0.8854166666666667,0.8854166666666667,0.8311631944444444,0.779079861111111,,,0.84375,,,0.9131944444444444
251,train,0.9895833333333334,,,0.9895833333333334,0.9895833333333334,0.9375,0.8854166666666667,,,1.0,,,0.9930555555555556
252,train,0.78515625,,,0.87890625,0.94140625,0.7330729166666666,0.5794270833333334,,,0.767795138888889,,,0.8893229166666666
255,train,1.0,,,0.9895833333333334,0.9375,0.9895833333333334,0.9375,,,1.0,,,1.0
256,train,0.9739583333333334,,,1.0,0.9635416666666667,0.9114583333333334,0.765625,,,0.9739583333333334,,,0.9635416666666667
257,train,1.0,,,0.9375,0.8159722222222222,0.8333333333333334,0.6475694444444445,,,0.8784722222222223,,,0.84375
258,train,1.0,,,0.8958333333333334,0.84375,0.9479166666666666,0.7486979166666667,,,0.8958333333333334,,,0.84375
261,train,0.8871527777777777,,,0.9739583333333334,0.8828125,0.8307291666666666,0.9288194444444444,,,0.861111111111111,,,0.939236111111111
262,train,0.8177083333333334,,,1.0,0.9479166666666666,0.7586805555555556,0.8333333333333334,,,0.921875,,,0.8663194444444444
263,train,1.0,,,1.0,0.9895833333333334,0.9697916666666667,0.8333333333333334,,,1.0,,,1.0
269,train,0.8680555555555557,,,0.9739583333333334,0.921875,0.9114583333333334,0.734375,,,0.9479166666666666,,,0.921875
271,train,0.9955357142857143,,,1.0,0.9955357142857143,0.920138888888889,0.703125,,,1.0,,,0.9434523809523809
272,train,0.9895833333333334,,,1.0,0.9895833333333334,0.9375,0.765625,,,0.9895833333333334,,,0.9895833333333334
275,train,0.9739583333333334,,,0.9869791666666666,0.921875,1.0,0.9375,,,0.9739583333333334,,,1.0
276,train,0.6614583333333334,,,0.8958333333333334,0.703125,0.7291666666666667,0.65625,,,0.8958333333333334,,,0.765625
283,train,0.9895833333333334,,,1.0,0.9895833333333334,0.9270833333333334,0.7638888888888888,,,1.0,,,0.9930555555555556
288,train,0.9947916666666667,,,1.0,0.8038194444444445,0.8020833333333334,0.828125,,,0.9427083333333335,,,0.9340277777777778
290,train,0.8854166666666667,,,0.8177083333333334,0.6510416666666667,0.8333333333333334,0.6875,,,0.9375,,,0.8333333333333334
292,train,0.8645833333333335,,,0.7291666666666667,0.8645833333333335,0.9114583333333334,0.7760416666666667,,,0.9947916666666667,,,0.8645833333333335
293,train,0.9955357142857143,,,0.8653273809523809,0.990625,0.9375,0.7552083333333334,,,0.998263888888889,,,0.9174107142857143
294,train,0.947172619047619,,,0.8913690476190477,0.6770833333333334,0.7575231481481481,0.6119791666666667,,,0.8159722222222223,,,0.8132440476190477
296,train,1.0,,,1.0,0.8854166666666667,0.8333333333333334,0.78125,,,0.9479166666666666,,,0.8697916666666666
297,train,0.8697916666666666,,,1.0,0.765625,0.8958333333333334,0.8072916666666667,,,1.0,,,0.765625
298,train,0.9479166666666666,,,1.0,1.0,0.84375,0.6770833333333334,,,1.0,,,0.921875
300,train,0.8697916666666666,,,0.9088541666666666,0.9149305555555556,0.7977430555555556,0.7604166666666666,,,0.9531250000000001,,,0.8628472222222222
302,train,0.9427083333333335,,,0.8920454545454545,0.9441287878787878,0.9427083333333335,0.7291666666666667,,,0.9479166666666666,,,0.8927083333333334
303,train,0.8333333333333334,,,0.8090277777777778,0.8802083333333333,0.6484375,0.765625,,,0.8828125,,,0.7760416666666667
304,train,0.865451388888889,,,0.9331597222222223,0.8602430555555556,0.9288194444444446,0.8298611111111112,,,0.8666666666666667,,,0.8559027777777778
305,train,0.8958333333333334,,,0.859375,0.8697916666666666,0.7916666666666666,0.6510416666666667,,,0.9479166666666666,,,0.8697916666666666
306,train,0.990530303030303,,,0.9930555555555556,0.9955357142857143,0.8368055555555556,0.8072916666666667,,,1.0,,,0.9392361111111113
307,train,0.8653273809523809,,,0.9895833333333334,0.8072916666666667,0.8072916666666667,0.5989583333333334,,,0.8958333333333334,,,0.8132440476190477
308,train,0.8177083333333334,,,0.859375,0.84375,0.8958333333333334,0.7552083333333334,,,0.8958333333333334,,,0.8697916666666666
309,train,0.8697916666666666,,,0.8177083333333334,0.9114583333333334,0.8333333333333334,0.7395833333333334,,,0.84375,,,0.859375
310,train,0.8799189814814816,,,0.9114583333333334,0.8825231481481481,0.8828125,0.7682291666666667,,,1.0,,,0.8750000000000001
311,train,0.8784722222222223,,,0.9201388888888888,0.9722222222222221,0.9791666666666665,0.68359375,,,0.9305555555555556,,,0.9267676767676768
312,train,0.8333333333333334,,,0.921875,0.78125,0.78125,0.5902777777777778,,,0.7916666666666666,,,0.732638888888889
314,train,0.8392857142857143,,,0.9416666666666667,0.8864583333333333,0.8395833333333335,0.7465277777777778,,,0.8940972222222223,,,0.8913690476190477
315,train,0.8958333333333334,,,0.9895833333333334,0.8854166666666667,0.888888888888889,0.7291666666666667,,,0.8958333333333334,,,0.8958333333333334
316,train,0.8485243055555557,,,0.7829861111111112,0.8307291666666666,0.7026909722222223,0.5572916666666666,,,0.8567708333333334,,,0.744357638888889
318,train,0.84375,,,0.7916666666666666,0.8368055555555556,0.8333333333333334,0.6770833333333334,,,0.84375,,,0.7916666666666666
320,train,0.7135416666666666,,,0.6875,0.6614583333333334,0.7916666666666666,0.5746527777777778,,,0.7916666666666666,,,0.7552083333333334
322,train,0.7569444444444444,,,0.8350694444444444,0.6788194444444444,0.7395833333333334,0.4557291666666667,,,0.7569444444444444,,,0.7048611111111112
323,train,0.8958333333333334,,,0.9479166666666666,0.8333333333333334,0.7864583333333334,0.7552083333333334,,,0.8958333333333334,,,0.8958333333333334
324,train,0.732638888888889,,,0.8333333333333334,0.78125,0.7291666666666667,0.546875,,,0.8333333333333334,,,0.7847222222222222
325,train,0.8958333333333334,,,0.8333333333333334,0.8958333333333334,0.765625,0.6145833333333334,,,0.8697916666666666,,,0.8854166666666667
326,train,0.8958333333333334,,,0.5729166666666667,0.78515625,0.7395833333333334,0.5338541666666667,,,0.7916666666666666,,,0.7916666666666666
329,train,0.9131944444444444,,,0.9114583333333334,0.8090277777777778,0.861111111111111,0.703125,,,0.8350694444444444,,,0.861111111111111
330,train,0.826388888888889,,,0.7395833333333334,0.7222222222222223,0.7265625,0.6788194444444444,,,0.7048611111111112,,,0.7222222222222223
331,train,0.9375,,,0.8854166666666667,0.8854166666666667,0.7291666666666667,0.625,,,0.8958333333333334,,,0.8402777777777778
332,train,0.9895833333333334,,,0.9479166666666666,0.9305555555555556,0.8003472222222223,0.6267361111111112,,,0.8854166666666667,,,0.7899305555555556
334,train,0.9479166666666666,,,0.9479166666666666,0.9895833333333334,0.9375,0.670138888888889,,,0.921875,,,0.9375
335,train,0.720486111111111,,,0.9479166666666666,0.7395833333333334,0.8697916666666666,0.7005208333333334,,,0.921875,,,0.7309027777777778
336,train,0.9244791666666667,,,0.9184027777777778,0.8731398809523809,0.978794642857143,0.576388888888889,,,0.8567708333333334,,,0.8776041666666667
337,train,0.921875,,,0.921875,0.921875,0.8958333333333334,0.7569444444444444,,,0.84375,,,0.8958333333333334
338,train,0.8951569264069265,,,0.9479166666666666,0.8760597041847042,0.9368235930735932,0.7284902597402597,,,0.9472402597402598,,,0.9038374819624819
340,train,0.8159722222222223,,,0.9375,0.8203125,0.9244791666666667,0.7552083333333334,,,0.9305555555555556,,,0.8784722222222223
341,train,0.8871527777777777,,,0.8697916666666666,0.84375,0.921875,0.545138888888889,,,0.861111111111111,,,0.859375
342,train,0.9401041666666667,,,0.9895833333333334,0.9375,0.9395833333333333,0.8854166666666667,,,0.9479166666666666,,,0.9427083333333335
343,train,0.9739583333333334,,,0.921875,0.8697916666666666,0.8697916666666666,0.6267361111111112,,,0.9739583333333334,,,0.921875
344,train,0.9418402777777778,,,0.9895833333333334,0.9447916666666667,0.9678819444444444,0.7552083333333334,,,0.90234375,,,0.9447916666666667
345,train,0.9305555555555556,,,0.859375,0.8416666666666667,0.84375,0.4774305555555555,,,0.8524305555555556,,,0.84375
346,train,0.993923611111111,,,0.9895833333333334,0.9447916666666667,0.9635416666666667,0.5989583333333334,,,0.9479166666666666,,,0.9437500000000001
347,train,0.859375,,,0.7395833333333334,0.7395833333333334,0.8177083333333334,0.7135416666666666,,,0.7135416666666666,,,0.859375
348,train,0.6510416666666667,,,0.9739583333333334,0.8177083333333334,0.765625,0.609375,,,0.7135416666666666,,,0.8984375
349,train,0.8046875,,,0.9479166666666666,0.7942708333333334,0.9088541666666666,0.6614583333333334,,,0.7786458333333334,,,0.7161458333333334
350,train,0.7135416666666666,,,1.0,0.8177083333333334,0.8177083333333334,0.7291666666666667,,,0.9479166666666666,,,0.8177083333333334
351,train,0.9479166666666666,,,0.888888888888889,0.9409722222222222,0.9401041666666667,0.703125,,,0.9479166666666666,,,0.888888888888889
353,train,0.9479166666666666,,,1.0,0.9479166666666666,0.9895833333333334,0.78125,,,0.9479166666666666,,,0.9479166666666666
354,train,1.0,,,0.9479166666666666,0.9201388888888888,0.9722222222222221,0.8003472222222223,,,0.8680555555555555,,,0.9201388888888888
355,train,0.9739583333333334,,,0.8697916666666666,0.9114583333333334,0.859375,0.6901041666666667,,,0.921875,,,0.921875
356,train,0.84375,,,0.9635416666666667,0.9479166666666666,0.9479166666666666,0.859375,,,0.9479166666666666,,,0.9739583333333334
357,train,0.859375,,,0.8203125,0.8441840277777778,0.9066840277777777,0.7074652777777778,,,0.8697916666666666,,,0.8546006944444444
358,train,0.9427083333333335,,,0.9401041666666667,0.9479166666666666,0.9895833333333334,0.8333333333333334,,,0.9479166666666666,,,0.9479166666666666
359,train,0.748263888888889,,,1.0,0.7916666666666666,0.6875,0.5208333333333334,,,0.7395833333333334,,,0.8003472222222223
360,train,0.78125,,,0.9895833333333334,0.8333333333333334,0.9427083333333335,0.8072916666666667,,,0.84375,,,0.7847222222222222
361,train,0.8372395833333334,,,0.8697916666666666,0.8372395833333334,0.84375,0.8333333333333334,,,0.8177083333333334,,,0.7330729166666666
362,train,0.84375,,,1.0,0.78125,0.8628472222222222,0.703125,,,0.7916666666666666,,,0.7621527777777778
363,train,0.9937499999999999,,,0.9375,0.8635416666666667,0.7072916666666667,0.7552083333333334,,,0.9937499999999999,,,0.8114583333333334
364,train,0.9947916666666667,,,0.9968750000000001,0.9375,0.9895833333333334,0.7291666666666667,,,0.9869791666666666,,,0.9467592592592593
365,train,1.0,,,0.9479166666666666,0.9479166666666666,0.7395833333333334,0.7552083333333334,,,0.9479166666666666,,,0.9479166666666666
366,train,0.8333333333333334,,,0.8854166666666667,0.8333333333333334,0.859375,0.8177083333333334,,,0.8854166666666667,,,0.9375
367,train,0.8958333333333334,,,0.9479166666666666,0.84375,0.7291666666666667,0.7291666666666667,,,0.9479166666666666,,,0.8958333333333334
368,train,0.8111979166666666,,,0.8333333333333334,0.7591145833333334,0.78515625,0.6380208333333334,,,0.9088541666666666,,,0.765625
369,train,1.0,,,1.0,0.9479166666666666,1.0,0.7395833333333334,,,1.0,,,0.8854166666666667
370,train,0.8958333333333334,,,0.8854166666666667,0.8958333333333334,0.8958333333333334,0.6510416666666667,,,0.9479166666666666,,,1.0
371,train,0.826388888888889,,,0.9895833333333334,0.7638888888888888,0.826388888888889,0.5598958333333334,,,0.826388888888889,,,0.8125000000000001
372,train,0.9305555555555556,,,0.8072916666666667,0.904513888888889,0.8524305555555556,0.65625,,,0.8697916666666666,,,0.8003472222222223
373,train,0.9479166666666666,,,0.9479166666666666,0.8333333333333334,0.8628472222222222,0.9244791666666667,,,0.9479166666666666,,,0.8958333333333334
374,train,0.9434523809523809,,,0.9461805555555557,0.9444444444444444,0.9461805555555557,0.7725694444444444,,,0.9461805555555557,,,0.8740079365079364
376,train,0.9201388888888888,,,0.9947916666666667,0.9149305555555556,0.8333333333333334,0.9036458333333335,,,0.9201388888888888,,,0.9201388888888888
377,train,0.9505208333333334,,,0.9114583333333334,0.9187500000000001,0.9674479166666666,0.5989583333333334,,,0.9305555555555556,,,0.9187500000000001
379,train,0.9274305555555555,,,0.9274305555555555,0.888888888888889,0.9791666666666667,0.6792534722222222,,,0.9479166666666666,,,0.8927083333333334
380,train,0.993923611111111,,,0.9895833333333334,0.9895833333333334,0.9375,0.78125,,,1.0,,,0.9968750000000001
381,train,0.9131944444444444,,,0.9187500000000001,0.9652777777777777,0.9678819444444444,0.78125,,,0.861111111111111,,,0.8671875
382,train,0.8958333333333334,,,0.9739583333333334,0.9375,0.9869791666666666,0.7395833333333334,,,0.9348958333333334,,,0.9244791666666667
383,train,0.8958333333333334,,,0.8854166666666667,0.8333333333333334,0.9375,0.78125,,,0.9479166666666666,,,0.8958333333333334
384,train,0.8697916666666666,,,0.8958333333333334,0.8958333333333334,0.765625,0.7265625,,,0.84375,,,0.8177083333333334
386,train,0.7375,,,0.9678819444444444,0.8897569444444444,0.7604166666666666,0.5989583333333334,,,0.8958333333333334,,,0.8125
387,train,0.8394097222222223,,,0.8046875,0.7942708333333334,0.8333333333333334,0.6614583333333334,,,0.7352430555555556,,,0.7291666666666667
389,train,0.7611607142857143,,,0.9288194444444444,0.8333333333333334,0.8333333333333334,0.5381944444444444,,,0.7395833333333334,,,0.6006944444444444
392,train,0.8828125,,,1.0,0.6927083333333334,0.7838541666666667,0.6640625,,,0.9348958333333334,,,0.9270833333333334
393,train,0.84375,,,1.0,0.765625,0.765625,0.5885416666666667,,,0.921875,,,0.7552083333333334
394,train,0.9409722222222222,,,1.0,0.9409722222222222,0.9409722222222222,0.7291666666666667,,,0.8958333333333334,,,0.888888888888889
396,train,0.9895833333333334,,,0.9635416666666667,0.9409722222222222,0.9895833333333334,0.703125,,,0.8958333333333334,,,0.9449404761904762
397,train,0.7786458333333334,,,0.8828125,0.8046875,0.7942708333333334,0.41145833333333337,,,0.7786458333333334,,,0.7994791666666666
398,train,0.670138888888889,,,0.8958333333333334,0.802951388888889,0.8480902777777777,0.6918402777777778,,,0.787326388888889,,,0.7161458333333334
400,train,0.8046875,,,0.8784722222222223,0.8120659722222222,0.8294270833333334,0.642361111111111,,,0.841579861111111,,,0.7265625
401,train,0.9739583333333334,,,0.8697916666666666,0.8697916666666666,0.8697916666666666,0.7916666666666666,,,0.9479166666666666,,,0.8072916666666667
402,train,0.546875,,,0.9479166666666666,0.6614583333333334,0.5572916666666666,0.7916666666666666,,,0.6614583333333334,,,0.4947916666666667
403,train,0.76171875,,,0.9895833333333334,0.7552083333333334,0.703125,0.5729166666666667,,,0.9479166666666666,,,0.7626488095238095
407,train,0.9479166666666666,,,1.0,0.9375,0.9895833333333334,0.7899305555555556,,,1.0,,,0.9479166666666666
409,train,1.0,,,0.9479166666666666,0.9409722222222222,0.9479166666666666,0.78125,,,0.921875,,,0.9479166666666666
410,train,0.84375,,,0.859375,0.8697916666666666,0.859375,0.5989583333333334,,,0.8958333333333334,,,0.921875
411,train,0.8046875,,,0.8385416666666667,0.8246527777777778,0.8723958333333334,0.5512152777777778,,,0.7526041666666666,,,0.8255208333333334
412,train,0.9895833333333334,,,0.9895833333333334,0.9895833333333334,0.888888888888889,0.625,,,1.0,,,0.9427083333333335
413,train,0.9114583333333334,,,0.765625,0.8072916666666667,0.8893229166666666,0.7447916666666667,,,0.8177083333333334,,,0.7916666666666666
415,train,0.9375,,,0.8958333333333334,0.9479166666666666,0.9479166666666666,0.6875,,,0.84375,,,0.9479166666666666
416,train,0.9375,,,0.8177083333333334,0.8307291666666666,0.9869791666666666,0.6223958333333334,,,0.9375,,,0.8333333333333334
418,train,0.9348958333333334,,,1.0,0.9348958333333334,0.6354166666666666,0.5833333333333334,,,0.7916666666666666,,,0.7942708333333334
419,train,0.8958333333333334,,,0.9479166666666666,1.0,1.0,0.7721354166666666,,,0.8958333333333334,,,0.8854166666666667
420,train,0.84375,,,0.84375,0.7916666666666666,0.8958333333333334,0.53125,,,0.84375,,,0.84375
421,train,0.9947916666666667,,,1.0,0.9131944444444445,0.9618055555555557,0.7777777777777778,,,1.0,,,0.9094065656565657
422,train,0.84375,,,0.8854166666666667,0.7864583333333334,0.7829861111111112,0.6857638888888888,,,0.84375,,,0.8350694444444444
46,test,0.7356770833333334,0.6875,0.7395833333333334,0.8127604166666668,0.7330729166666666,0.7330729166666666,0.70703125,0.6809895833333334,0.6809895833333334,0.7591145833333334,0.5833333333333334,0.609375,0.7877604166666667
47,test,1.0,1.0,0.9479166666666666,0.9479166666666666,1.0,1.0,0.765625,0.7916666666666666,0.7135416666666666,1.0,0.8958333333333334,0.84375,1.0
53,test,0.703125,0.8958333333333334,0.84375,0.8854166666666667,0.765625,0.7630208333333334,0.5729166666666667,0.546875,0.546875,0.8958333333333334,0.5729166666666667,0.5729166666666667,0.765625
54,test,0.7265625,0.6875,0.7230902777777778,0.5729166666666667,0.6354166666666666,0.765625,0.6770833333333334,0.6770833333333334,0.703125,0.6875,0.4166666666666667,0.4739583333333333,0.6788194444444444
56,test,0.6614583333333334,0.84375,0.8958333333333334,0.84375,0.84375,0.7135416666666666,0.6510416666666667,0.6510416666666667,0.5989583333333334,0.84375,0.78125,0.8072916666666667,0.7135416666666666
58,test,0.9348958333333334,0.939236111111111,0.8307291666666666,0.861111111111111,0.8871527777777777,0.7569444444444444,0.7161458333333334,0.6727430555555556,0.6727430555555556,0.8307291666666666,0.46875,0.6640625,0.826388888888889
62,test,0.8958333333333334,0.9479166666666666,0.8958333333333334,1.0,0.8958333333333334,0.9479166666666666,0.8489583333333334,0.9479166666666666,0.9479166666666666,0.8958333333333334,0.6328125,0.6581803613053613,0.8958333333333334
63,test,1.0,0.9895833333333334,0.9375,0.9375,0.9895833333333334,0.9895833333333334,0.9166666666666667,0.8854166666666667,0.8854166666666667,0.9739583333333334,0.7217261904761906,0.8072916666666667,0.9409722222222222
67,test,1.0,1.0,0.8958333333333334,0.8958333333333334,1.0,1.0,0.9635416666666667,0.9479166666666666,0.9479166666666666,0.9479166666666666,0.6276041666666667,0.859375,1.0
69,test,0.7743055555555556,0.8003472222222223,0.8177083333333334,0.8072916666666667,0.7899305555555556,0.7638888888888888,0.6336805555555556,0.6336805555555556,0.6597222222222222,0.7222222222222223,0.45359241452991456,0.6209935897435898,0.8958333333333334
71,test,0.6770833333333334,0.84375,0.9895833333333334,0.8958333333333334,0.84375,0.7916666666666666,0.7916666666666666,0.84375,0.765625,0.9375,0.7135416666666666,0.7135416666666666,0.78125
74,test,1.0,0.8958333333333334,0.9385416666666667,0.8958333333333334,0.9970238095238095,0.9437500000000001,0.7552083333333334,0.7552083333333334,0.7552083333333334,1.0,0.6510416666666667,0.8333333333333334,0.9434523809523809
76,test,0.9114583333333334,0.9114583333333334,0.921875,0.921875,0.921875,0.78125,0.6614583333333334,0.6614583333333334,0.6614583333333334,0.9114583333333334,0.5833333333333334,0.8177083333333334,0.8072916666666667
78,test,0.9869791666666666,0.9479166666666666,0.842013888888889,0.842013888888889,0.9479166666666666,0.8333333333333334,0.5798611111111112,0.6145833333333334,0.6927083333333334,0.8307291666666666,0.48611111111111105,0.5746527777777778,0.78125
82,test,0.9479166666666666,0.8958333333333334,0.8072916666666667,0.7421875,0.8958333333333334,0.8697916666666666,0.7682291666666667,0.8072916666666667,0.8072916666666667,0.8958333333333334,0.5859375,0.625,0.8177083333333334
87,test,0.8946759259259259,0.9427083333333335,0.8923611111111112,0.9677083333333333,0.8145833333333334,0.8177083333333334,0.7552083333333334,0.8391203703703703,0.8635416666666667,1.0,0.8705357142857144,0.8854166666666667,0.8177083333333334
88,test,0.7604166666666666,0.7614583333333335,0.8072916666666667,0.8072916666666667,0.703125,0.8072916666666667,0.5989583333333334,0.7552083333333334,0.7552083333333334,0.7135416666666666,0.46130952380952384,0.6423611111111112,0.703125
91,test,0.8958333333333334,0.9930555555555556,0.9375,1.0,0.888888888888889,0.9227430555555555,0.8116319444444445,0.763888888888889,0.8159722222222223,0.9479166666666666,0.5902777777777778,0.842013888888889,0.8147321428571429
94,test,0.8958333333333334,0.9479166666666666,0.9375,0.9434523809523809,0.9479166666666666,0.8913690476190477,0.8333333333333334,0.78125,0.78125,0.84375,0.78125,0.7291666666666667,0.9479166666666666
97,test,0.9375,0.9565972222222223,0.78125,0.8177083333333334,0.904513888888889,0.8524305555555556,0.7187500000000001,0.7916666666666666,0.6927083333333334,0.84375,0.5647321428571429,0.6875,0.8159722222222222
100,test,0.9795138888888888,0.9274305555555555,0.9375,0.8927083333333334,0.9236111111111112,0.837673611111111,0.5989583333333334,0.6682291666666667,0.6510416666666667,0.8958333333333334,0.5316840277777778,0.7951388888888888,0.8232638888888888
101,test,1.0,0.9479166666666666,0.9479166666666666,0.9479166666666666,0.9479166666666666,0.9479166666666666,0.78125,0.78125,0.78125,0.9479166666666666,0.78125,0.78125,0.9479166666666666
106,test,0.765625,0.8177083333333334,0.6614583333333334,0.6527777777777778,0.7395833333333334,0.7135416666666666,0.6163194444444444,0.546875,0.5989583333333334,0.84375,0.578125,0.703125,0.84375
108,test,0.84375,0.8177083333333334,0.7916666666666666,0.8177083333333334,0.8333333333333334,0.8697916666666666,0.5989583333333334,0.5989583333333334,0.546875,0.765625,0.2916666666666667,0.5208333333333334,0.84375
109,test,0.84375,0.9479166666666666,0.7847910622179239,0.7847910622179239,0.6614583333333334,0.7135416666666666,0.625,0.5693655303030303,0.5693655303030303,0.9479166666666666,0.8086332070707071,0.8401988636363638,0.5572916666666666
111,test,0.921875,0.921875,0.8072916666666667,0.8697916666666666,0.9635416666666667,0.7552083333333334,0.6267361111111112,0.6875,0.6875,0.8177083333333334,0.7088068181818182,0.6614583333333334,0.7552083333333334
114,test,0.8854166666666667,0.8958333333333334,0.9114583333333334,0.8697916666666666,0.84375,0.8333333333333334,0.7621527777777778,0.765625,0.765625,0.84375,0.5746527777777778,0.8177083333333334,0.7725694444444444
115,test,0.9479166666666666,1.0,0.84375,0.8697916666666666,0.8697916666666666,0.9375,0.7916666666666666,0.7916666666666666,0.7916666666666666,0.9479166666666666,0.44010416666666663,0.84375,0.8854166666666667
118,test,0.921875,0.9947916666666667,1.0,0.8854166666666667,0.9458333333333334,0.8923611111111112,0.7552083333333334,0.6510416666666667,0.8114583333333334,0.9479166666666666,0.5859375,0.7291666666666667,0.9479166666666666
120,test,0.765625,0.8958333333333334,0.8958333333333334,0.7916666666666666,0.765625,0.765625,0.7552083333333334,0.6770833333333334,0.6770833333333334,0.9479166666666666,0.78125,0.8854166666666667,0.765625
126,test,0.78125,0.7395833333333334,0.7291666666666667,0.7291666666666667,0.6770833333333334,0.8333333333333334,0.6770833333333334,0.625,0.6510416666666667,0.6875,0.5661651234567902,0.7552083333333334,0.6875
127,test,0.7135416666666666,0.84375,0.6770833333333334,0.8333333333333334,0.765625,0.6567234848484849,0.5208333333333334,0.6770833333333334,0.6770833333333334,0.8958333333333334,0.783459595959596,0.7552083333333334,0.7109375
129,test,0.9027777777777779,0.9375,0.8958333333333334,0.8958333333333334,0.8697916666666666,0.8463541666666667,0.5833333333333334,0.7395833333333334,0.7395833333333334,0.8333333333333334,0.6145833333333334,0.6614583333333334,0.8854166666666667
130,test,0.8463541666666667,0.8203125,0.8411458333333333,0.9453125,0.7734375000000001,0.8255208333333335,0.7430555555555556,0.6692708333333334,0.7213541666666666,0.8984375,0.2795138888888889,0.5833333333333334,0.7630208333333334
131,test,0.765625,0.8177083333333334,0.7916666666666666,0.7395833333333334,0.8177083333333334,0.765625,0.5729166666666667,0.625,0.625,0.765625,0.5208333333333334,0.5729166666666667,0.6875
133,test,0.9427083333333335,0.9934895833333334,0.78125,0.8333333333333334,0.94140625,0.8147321428571429,0.6770833333333334,0.703125,0.7552083333333334,0.9449404761904762,0.7007575757575758,0.8333333333333334,0.8407738095238095
134,test,0.8958333333333334,0.84375,0.7048611111111112,0.8090277777777778,0.84375,0.8368055555555556,0.6076388888888888,0.6597222222222222,0.6597222222222222,0.84375,0.36458333333333337,0.7291666666666667,0.8177083333333334
139,test,0.9447916666666667,0.9418402777777778,0.9416666666666667,0.9375,0.9375,0.94140625,0.7052951388888888,0.6692708333333334,0.6223958333333334,0.9479166666666666,0.535629734848485,0.7638888888888888,0.9447916666666667
140,test,0.9375,0.9375,0.8958333333333334,0.9375,0.9375,0.78125,0.7395833333333334,0.7048611111111112,0.7395833333333334,0.859375,0.5833333333333334,0.826388888888889,0.8854166666666667
143,test,0.921875,0.9114583333333334,0.84375,0.8333333333333334,0.8663194444444444,0.8151041666666667,0.6770833333333334,0.8333333333333334,0.8854166666666667,0.8697916666666666,0.7083333333333334,0.7604166666666666,0.8671875
153,test,0.9114583333333334,0.9635416666666667,0.8177083333333334,0.8072916666666667,0.9114583333333334,0.9114583333333334,0.7395833333333334,0.6875,0.7395833333333334,0.859375,0.609375,0.7395833333333334,0.859375
159,test,0.7966079059829061,0.7562767094017094,0.7838541666666667,0.8443509615384615,0.7506009615384617,0.6377537393162394,0.5578926282051282,0.5839342948717949,0.6727430555555556,0.748263888888889,0.44270833333333337,0.4166666666666667,0.6507745726495727
160,test,0.921875,0.6354166666666666,0.6484375,0.5963541666666666,0.7395833333333334,0.7048611111111112,0.5902777777777778,0.5078125,0.5078125,0.765625,0.36458333333333337,0.44270833333333337,0.9131944444444445
161,test,0.9479166666666666,0.921875,0.861111111111111,0.8333333333333334,0.8958333333333334,0.84375,0.6684027777777778,0.6944444444444444,0.671875,0.8697916666666666,0.48095818557919623,0.564236111111111,0.8697916666666666
163,test,0.7604166666666666,0.8135416666666667,0.8395833333333335,0.8916666666666667,0.8142361111111112,0.8906250000000001,0.8072916666666667,0.7552083333333334,0.7552083333333334,0.9479166666666666,0.5989583333333334,0.6770833333333334,0.8916666666666667
164,test,0.9395833333333333,0.9395833333333333,0.8125,0.7083333333333334,0.859375,0.809375,0.8333333333333334,0.78125,0.78125,0.9479166666666666,0.9192708333333333,0.859375,0.809375
167,test,0.9479166666666666,0.9479166666666666,0.9479166666666666,0.9479166666666666,0.9479166666666666,0.84375,0.7916666666666666,0.7916666666666666,0.84375,0.8958333333333334,0.7916666666666666,0.84375,0.84375
172,test,0.6822916666666666,0.7291666666666667,0.7395833333333334,0.703125,0.7291666666666667,0.75,0.625,0.5729166666666667,0.5729166666666667,0.8697916666666666,0.6510416666666667,0.5989583333333334,0.8125
175,test,0.8111979166666666,0.87890625,0.8823784722222222,0.87890625,0.8893229166666666,0.8528645833333334,0.7486979166666667,0.7747395833333334,0.7799479166666666,0.87890625,0.6770833333333334,0.9375,0.8823784722222222
178,test,0.8958333333333334,0.8732638888888888,0.8854166666666667,0.8854166666666667,0.8993055555555556,0.9270833333333333,0.6792534722222222,0.7921006944444444,0.7465277777777778,0.921875,0.5902777777777778,0.7638888888888888,0.8906250000000001
182,test,0.9187500000000001,0.8927083333333334,0.7899305555555556,0.8072916666666667,0.9114583333333334,0.8686342592592593,0.7118055555555556,0.7118055555555556,0.7725694444444445,0.8697916666666666,0.44270833333333337,0.6163194444444445,0.9708333333333334
185,test,0.78125,0.7395833333333334,0.7916666666666666,0.7916666666666666,0.7916666666666666,0.78125,0.6354166666666666,0.7395833333333334,0.7395833333333334,0.78125,0.4010416666666667,0.765625,0.859375
187,test,0.8893229166666666,0.8958333333333334,0.8958333333333334,0.8958333333333334,0.84375,0.8177083333333334,0.564236111111111,0.6684027777777778,0.6684027777777778,0.8307291666666666,0.5412071078431373,0.5833333333333334,0.765625
191,test,0.9375,0.859375,0.9479166666666666,0.9479166666666666,0.9375,0.8854166666666667,0.6484375,0.6788194444444444,0.8046875,0.9375,0.6235851821789322,0.7916666666666666,0.9201388888888888
196,test,0.9479166666666666,0.9479166666666666,0.9375,0.9375,0.9479166666666666,0.9409722222222222,0.7291666666666667,0.8072916666666667,0.8072916666666667,0.9479166666666666,0.672348484848485,0.8854166666666667,0.9479166666666666
200,test,0.8958333333333334,0.8958333333333334,0.9479166666666666,0.8958333333333334,0.9375,0.8854166666666667,0.5486111111111112,0.5746527777777778,0.5746527777777778,0.84375,0.6028645833333334,0.8350694444444444,0.8854166666666667
205,test,0.9375,1.0,0.9739583333333334,0.921875,0.9479166666666666,0.9479166666666666,0.765625,0.8958333333333334,0.8958333333333334,0.9479166666666666,0.625,0.7916666666666666,0.9635416666666667
213,test,0.84375,0.8368055555555556,0.9114583333333334,0.7065972222222222,0.888888888888889,0.7135416666666666,0.6163194444444444,0.48611111111111105,0.48611111111111105,0.84375,0.4947916666666667,0.6336805555555556,0.8958333333333334
254,test,0.8177083333333334,0.8958333333333334,0.8958333333333334,0.9375,0.8958333333333334,0.7916666666666666,0.78125,0.6579861111111112,0.6579861111111112,0.8958333333333334,0.5208333333333334,0.7552083333333334,0.8958333333333334
299,test,0.9739583333333334,0.9635416666666667,0.9288194444444444,0.9635416666666667,0.921875,0.8145833333333334,0.625,0.5729166666666667,0.703125,0.9153645833333334,0.41015625,0.7638888888888888,0.7890625
317,test,0.8402777777777778,0.84375,0.859375,0.8177083333333334,0.84375,0.7847222222222222,0.625,0.7291666666666667,0.7291666666666667,0.84375,0.5729166666666667,0.7552083333333334,0.84375
333,test,0.8958333333333334,0.9479166666666666,0.9479166666666666,0.8854166666666667,0.9375,0.8177083333333334,0.78125,0.8072916666666667,0.7291666666666667,0.8177083333333334,0.6875,0.8333333333333334,0.8958333333333334
375,test,0.921875,0.921875,0.8958333333333334,0.8697916666666666,0.859375,0.8697916666666666,0.5902777777777778,0.6510416666666667,0.6684027777777778,0.921875,0.6510416666666667,0.8072916666666667,0.8697916666666666
388,test,0.765625,0.84375,0.7395833333333334,0.7291666666666667,0.7135416666666666,0.609375,0.6770833333333334,0.6770833333333334,0.6770833333333334,0.765625,0.703125,0.6510416666666667,0.7578125000000001
395,test,0.8697916666666666,1.0,1.0,0.9739583333333334,0.9114583333333334,0.8645833333333335,0.7725694444444444,0.7552083333333334,0.7552083333333334,0.921875,0.7161458333333334,0.7291666666666667,0.921875
